mp_id,formula,host_cation,final_energy_per_atom,formation_energy_per_atom,band_gap,icsd_label,icsd_num,predict_emit,wave
mp-753571,Li1V1F6,V,-5.219197373,-2.97048453,3.0732,FALSE,0,1.94434,637.7486
mp-1206962,Li1Ta1F6,Ta,-6.39122406,-3.583277272,6.1518,FALSE,0,1.94434,637.7486
mp-1025509,Zr1Zn1F6,Zr,-5.820430448,-3.507390692,6.1509,FALSE,0,1.94597,637.21508
mp-1111287,Li3Mo1F6,Mo,-4.964949429,-2.758220885,2.9152,FALSE,0,1.9474,636.74571
mp-1078799,Li1Nb1F6,Nb,-5.984402848,-3.396015134,5.1171,TRUE,[165202],1.94765,636.66569
mp-1080679,Li1Ta1F6,Ta,-6.387355256,-3.579408469,6.25,TRUE,[165205],1.94765,636.66569
mp-753604,Li2V2F12,V,-5.214970148,-2.966257305,3.1853,FALSE,0,1.95113,635.52912
mp-1219252,Sc1Tl1F6,Sc,-5.371603404,-3.197605147,3.9839,FALSE,0,1.95143,635.43035
mp-1111095,Na1Li2Rh1F6,Na,-4.487752077,-2.367596807,2.007,FALSE,0,1.95228,635.1558
mp-1111098,Na1Li2Mo1F6,Na,-4.828733965,-2.680645179,2.4654,FALSE,0,1.95401,634.59111
mp-1111887,Na1Li2As1F6,Na,-4.363576534,-2.51394021,3.6287,FALSE,0,1.95401,634.59111
mp-1111098,Na1Li2Mo1F6,Mo,-4.828733965,-2.680645179,2.4654,FALSE,0,1.95438,634.473
mp-1539332,Ti1Zn1F6,Ti,-5.556327466,-3.324813787,4.1957,FALSE,0,1.95502,634.26554
mp-776438,Li4V2F12,V,-5.323736557,-3.112778156,2.37,FALSE,0,1.95573,634.03355
mp-1113433,Na3Sc1F6,Sc,-5.320512749,-3.42082087,5.5912,FALSE,0,1.95722,633.55299
mvc-13940,Mg1Mo1F6,Mo,-5.422392988,-3.179793377,2.4449,FALSE,0,1.95729,633.52936
mp-1111073,Li3Y1F6,Y,-5.417086714,-3.328075362,5.3141,FALSE,0,1.95735,633.50906
mp-29993,Ta2Ag2F12,Ta,-5.980600524,-3.057199595,3.5784,TRUE,[411796],1.95806,633.27829
mp-1113900,Na2Li1Sc1F6,Sc,-5.446274702,-3.487943066,6.0589,FALSE,0,1.9581,633.26849
mp-1025460,Mg1Zr1F6,Zr,-6.345951165,-3.990344354,6.5441,FALSE,0,1.95859,633.10803
mp-623024,Ti1Cd1F6,Ti,-5.472937013,-3.283530065,4.4382,TRUE,[16233],1.95976,632.73214
mp-4782,Ca1Sn1F6,Ca,-5.240895711,-3.401890019,5.418,TRUE,"[35722, 35723]",1.96041,632.52152
mp-27315,Ca1Ti1F6,Ti,-6.298150334,-3.973404621,4.5826,FALSE,0,1.96101,632.32599
mp-765804,Li6V1F8,V,-5.105236453,-3.076351452,3.5211,FALSE,0,1.96114,632.28543
mp-1200267,Li8Ti8N8F48,Ti,-5.378719764,-2.396743807,2.583,TRUE,[39926],1.96183,632.06305
mp-1211385,La2Zr2F14,Zr,-6.871737726,-4.246175447,6.0295,FALSE,0,1.96195,632.02286
mp-1211388,La2Hf2F14,Hf,-7.118641391,-4.33646931,6.3047,FALSE,0,1.96195,632.02286
mp-753212,Li1V1F6,V,-5.161891378,-2.913178535,3.2532,FALSE,0,1.96198,632.01558
mp-1209283,Pr2Zr2F14,Zr,-6.820063596,-4.211735535,5.9474,FALSE,0,1.9623,631.91311
mvc-15846,Ca1W1F6,Ca,-5.771954904,-3.369129884,3.74,FALSE,0,1.96236,631.89327
mp-8224,Ca1Sn1F6,Ca,-5.242328706,-3.403323014,5.3881,TRUE,[35713],1.96321,631.61851
mp-4002,Li2Zr1F6,Zr,-6.021362519,-3.681093611,6.481,TRUE,"[16793, 2644]",1.96338,631.5651
mp-11980,Cs1Nb1F6,Nb,-5.894298185,-3.432600533,5.2111,TRUE,"[183851, 412444]",1.96485,631.09127
mp-753694,Li1V1F6,V,-5.171098181,-2.922385339,3.2309,FALSE,0,1.96495,631.05874
mp-1111271,K2Li1Mo1F6,Mo,-5.048836603,-3.001812843,4.4161,FALSE,0,1.96541,630.9111
mp-1207968,Tm2Hf2F14,Hf,-7.060701831,-4.329659937,6.8844,FALSE,0,1.96552,630.87646
mp-557686,Zr1V1F6,Zr,-6.757419319,-3.678859256,2.416,TRUE,"[94454, 73354]",1.96593,630.74536
mp-557938,Hf1V1F6,Hf,-7.032645636,-3.777899546,3.2301,TRUE,[94455],1.96593,630.74536
mp-1208269,Tb2Zr2F14,Zr,-6.826852554,-4.234805943,5.9384,FALSE,0,1.96603,630.71125
mp-1210837,Lu2Hf2F14,Hf,-7.059605913,-4.32355123,6.9578,FALSE,0,1.9664,630.59494
mp-757163,Li1V1F6,V,-5.193752556,-2.945039714,3.1595,FALSE,0,1.96667,630.50896
mp-1111028,Na2Li1Y1F6,Y,-5.419139391,-3.447407554,5.4306,FALSE,0,1.9667,630.4984
mp-7305,Sm2Zr2F14,Zr,-6.827972082,-4.226567689,5.8986,TRUE,[2874],1.9668,630.46629
mvc-14834,Ca1Ti1F6,Ti,-6.289631859,-3.964886146,4.7129,FALSE,0,1.967,630.40304
mp-759647,Li4W4F24,W,-5.307147182,-2.916406789,3.4687,FALSE,0,1.96702,630.39365
mp-1224622,Gd2Zr6F30,Zr,-7.336689156,-4.101878175,4.7385,FALSE,0,1.96709,630.37203
mp-1208332,Tb2Hf2F14,Hf,-7.072839421,-4.324183007,6.8555,FALSE,0,1.96724,630.32502
mp-1207764,W1N3F6,W,-4.625940428,-0.403291923,2.6671,FALSE,0,1.96734,630.29178
mp-27313,Nb4Se4F36,Nb,-5.214382606,-2.792334677,5.0491,TRUE,[9898],1.96737,630.28282
mp-1212491,Hf4N4F20,Hf,-6.25577828,-2.607052764,2.5976,FALSE,0,1.96743,630.2638
mp-505113,Ti2Sn12F32,Ti,-5.234549245,-2.836958522,2.7043,TRUE,[71234],1.96766,630.19103
mp-1222422,Lu2Zr6F30,Zr,-6.851861062,-4.119953856,5.555,FALSE,0,1.96771,630.17539
mp-1219817,Pr2Zr6F30,Zr,-6.84662189,-4.101033177,5.6568,FALSE,0,1.96775,630.16206
mp-1211094,Li2Ca2V2F12,Ca,-5.789876924,-3.568176633,2.6299,FALSE,0,1.96788,630.11893
mp-1205684,K1Sc1Tl2F6,Sc,-5.221872062,-3.135369247,4.8477,FALSE,0,1.96804,630.06809
mp-1209160,Rb2Sc2F8,Sc,-6.098287153,-3.913133979,5.9581,FALSE,0,1.96821,630.0156
mp-1212387,Gd2Hf2F14,Hf,-8.087721013,-4.289980584,4.4446,FALSE,0,1.96822,630.01057
mp-759960,Li6V6F36,V,-5.186730919,-2.938018076,2.4584,FALSE,0,1.96827,629.99327
mp-7922,Ca1Pd1F6,Ca,-4.6028249,-2.617530463,2.1437,TRUE,[26164],1.96834,629.97221
mp-22439,Li4Mo2F12,Mo,-5.216219283,-2.97640122,2.274,TRUE,[74565],1.96838,629.95889
mp-753861,Li4V2F12,V,-5.362058414,-3.151100014,2.1707,TRUE,[290252],1.96838,629.95889
mp-7603,Li4Ti2F12,Ti,-5.799420784,-3.5316195,4.3895,TRUE,[18313],1.96838,629.95889
mp-1110635,Na3Mo1F6,Mo,-4.839717005,-2.808907733,2.6015,FALSE,0,1.96839,629.95637
mp-755629,Li2V2F8,V,-5.727381778,-3.212257643,2.0607,FALSE,0,1.96839,629.95565
mp-18506,Sm4Zr4F28,Zr,-6.830321331,-4.228916938,6.0647,TRUE,[74961],1.9684,629.95479
mp-1207980,Tm2Zr2F14,Zr,-6.814521418,-4.240089326,5.8705,FALSE,0,1.96847,629.92988
mp-1210678,Lu2Zr2F14,Zr,-6.813451367,-4.234006487,5.8374,FALSE,0,1.96847,629.92988
mp-27315,Ca1Ti1F6,Ca,-6.298150334,-3.973404621,4.5826,FALSE,0,1.96849,629.92311
mp-753573,Li2V2F12,V,-5.194457228,-2.945744385,3.0818,FALSE,0,1.96864,629.87697
mp-1176528,Li2V2F12,V,-5.168470636,-2.919757793,3.3869,FALSE,0,1.96892,629.7868
mp-1209889,Nd2Hf2F14,Hf,-7.069485369,-4.305964832,6.8273,FALSE,0,1.96898,629.76614
mvc-10429,Ba4Ta4F28,Ta,-6.438664305,-3.780541946,3.9804,FALSE,0,1.96899,629.76544
mvc-10634,Ba4W4F28,W,-5.531690068,-3.244417838,3.276,FALSE,0,1.96899,629.76544
mp-1208876,Sm2Hf2F14,Hf,-7.071396908,-4.313382713,6.8303,FALSE,0,1.96899,629.76517
mp-10103,Li2Yb2Al2F12,Yb,-5.730823577,-3.965159046,7.692,TRUE,[411131],1.96903,629.75238
mp-1209895,Nd2Zr2F14,Zr,-6.823420794,-4.21651006,5.9106,FALSE,0,1.9691,629.72981
mp-1025456,Ca1Zr1F6,Ca,-6.55304378,-4.146771991,6.6538,FALSE,0,1.96934,629.65366
mvc-14678,Mg1Ti1F6,Ti,-6.074720976,-3.800640242,4.6176,FALSE,0,1.9694,629.6343
mp-753338,Li1V1F4,V,-5.666050667,-3.150926532,2.1698,FALSE,0,1.96948,629.60923
mp-1212965,Er2Zr2F14,Zr,-6.819459961,-4.234818604,5.8927,FALSE,0,1.96971,629.53358
mp-1212068,Ho2Zr2F14,Zr,-6.819483272,-4.233209686,5.8572,FALSE,0,1.97004,629.42902
mp-1212129,Ho2Hf2F14,Hf,-7.068003671,-4.325120283,6.8874,FALSE,0,1.97004,629.42902
mp-12829,Li2Ca2Ga2F12,Ca,-5.201570639,-3.463849242,6.4052,TRUE,[152300],1.97015,629.39299
mp-6134,Li2Ca2Al2F12,Ca,-5.68931567,-3.871874294,7.6492,TRUE,"[39699, 150332, 150333, 39700, 25022]",1.97015,629.39299
mp-1212860,Dy2Zr2F14,Zr,-6.824007193,-4.235024944,5.9275,FALSE,0,1.97023,629.36907
mp-1212842,Dy2Hf2F14,Hf,-7.069759015,-4.324166964,6.8513,FALSE,0,1.97055,629.26457
mp-777453,Li4V4F24,V,-5.158434623,-2.90972178,3.1429,FALSE,0,1.97064,629.23637
mp-1111060,K1Na2Al1F6,K,-4.871214211,-3.251424294,5.1973,FALSE,0,1.97071,629.21404
mp-1208625,Sr2Li2V2F12,Sr,-5.761120033,-3.574542678,2.6226,FALSE,0,1.97102,629.11716
mp-1212520,Gd2Zr2F14,Zr,-7.841672883,-4.200542256,4.4744,FALSE,0,1.97117,629.06658
mp-1541477,Ca1Mo1F6,Ca,-5.6363906,-3.343126011,2.5018,FALSE,0,1.97146,628.97563
mvc-11781,Ca1Ti2F10,Ti,-6.315283987,-3.831332172,4.1189,FALSE,0,1.97149,628.96592
mvc-15846,Ca1W1F6,W,-5.771954904,-3.369129884,3.74,FALSE,0,1.97159,628.9346
mp-1213061,Er2Hf2F14,Hf,-7.065363826,-4.324112666,6.8586,FALSE,0,1.97179,628.87076
mp-555970,Na1Tl2Mo1F6,Mo,-4.800452633,-2.561619791,3.1332,TRUE,[15776],1.97188,628.84204
mp-759186,Li4V4F20,V,-5.382268501,-3.01937939,2.0682,FALSE,0,1.97189,628.83798
mp-1208619,Sr2Li2Ga2F12,Sr,-5.174479179,-3.471880719,6.3542,FALSE,0,1.97214,628.7585
mp-753236,Li5V1F8,V,-5.181430409,-3.143976684,2.5609,FALSE,0,1.9724,628.67612
mp-10402,Ti1Tl2F6,Ti,-5.426557579,-3.057929566,3.9155,TRUE,[410802],1.97257,628.62132
mp-560963,Rb2Na1Mo1F6,Mo,-4.945840706,-2.983429679,4.1582,TRUE,[15774],1.97275,628.5632
mvc-10605,Ba4Mg4W4F28,W,-5.643557666,-3.424984654,3.9944,FALSE,0,1.97289,628.51804
mp-754766,Li1V1F4,V,-5.663677383,-3.148553249,2.2272,FALSE,0,1.97313,628.44202
mp-1215756,Zr6Bi2F30,Zr,-6.447352418,-3.748651328,5.2489,FALSE,0,1.97334,628.37499
mvc-15861,Mg1W1F6,W,-5.559171598,-3.207011557,3.7421,FALSE,0,1.97353,628.31705
mp-760803,Li8V8F40,V,-5.463369407,-3.100480296,2.073,FALSE,0,1.9736,628.29262
mvc-10629,Ba4Ca4W4F28,W,-5.778281815,-3.51917682,3.9033,FALSE,0,1.9736,628.29337
mvc-10623,Ba4Zn4W4F28,W,-5.249287277,-3.064767908,3.1929,FALSE,0,1.97367,628.27078
mp-765894,Li5V1F8,V,-5.189988029,-3.152534304,2.483,FALSE,0,1.97393,628.18854
mp-1025456,Ca1Zr1F6,Zr,-6.55304378,-4.146771991,6.6538,FALSE,0,1.974,628.16664
mp-1198141,Ta4Cd4B4F40,Ta,-5.838591023,-3.226679574,5.5369,TRUE,[422897],1.97406,628.14687
mp-28778,K4Sc4F16,Sc,-6.121921183,-3.915123863,6.0976,TRUE,[72736],1.9741,628.13336
mp-20463,Ca1Pb1F6,Ca,-4.834275704,-3.032385609,3.4631,TRUE,[25522],1.97432,628.06393
mp-756012,Li2V2F8,V,-5.660592702,-3.145468567,2.4245,FALSE,0,1.9744,628.04005
mvc-14218,Ca2W2F10,W,-5.809308092,-3.27029078,3.4285,FALSE,0,1.97441,628.03691
mp-753567,Li2V2F12,V,-5.192325244,-2.943612401,3.2557,FALSE,0,1.97447,628.01566
mp-1207624,Y2Zr2F14,Zr,-7.013524228,-4.217910393,5.9222,FALSE,0,1.97448,628.01278
mp-1207615,Y2Hf2F14,Hf,-7.259630291,-4.307406653,6.7925,FALSE,0,1.97448,628.01278
mp-14088,Rb2Pd1F6,Pd,-4.162746124,-2.402987929,2.3181,TRUE,[28675],1.97466,627.95771
mp-765497,Li4V4F16,V,-5.724245257,-3.209121123,2.06,FALSE,0,1.97476,627.92586
mp-1209572,Pr2Hf2F14,Hf,-7.066098193,-4.30116033,6.8266,FALSE,0,1.97476,627.92485
mp-560959,K1Tl2Mo1F6,Mo,-4.757925662,-2.540305454,2.5946,TRUE,[15775],1.97478,627.91665
mp-753628,Li2V2F12,V,-5.197062895,-2.948350052,3.0899,FALSE,0,1.97506,627.8277
mp-754337,Li2V2F8,V,-5.719942477,-3.204818343,2.4301,FALSE,0,1.97507,627.82604
mp-754895,Li2V2F8,V,-5.730252806,-3.215128671,2.4352,FALSE,0,1.9751,627.81714
mp-753675,Li1V1F4,V,-5.727923152,-3.212799017,2.1042,FALSE,0,1.9752,627.78492
mp-1210449,Na4Mg2V2F14,V,-5.315925373,-3.33632633,2.5192,FALSE,0,1.97522,627.77799
mp-1111026,K1Na2Sc1F6,Sc,-5.226633928,-3.348154684,5.0397,FALSE,0,1.97542,627.71466
mp-1205541,Na1Sc1Tl2F6,Sc,-5.262151746,-3.154436296,4.7641,FALSE,0,1.97565,627.64191
mp-1209683,Rb8Ca8Be12F48,Ca,-5.517375505,-3.697151604,6.8193,FALSE,0,1.97566,627.63763
mp-767605,Li8V4F20,V,-5.479838294,-3.173694964,2.488,FALSE,0,1.9758,627.5936
mp-761168,Li4V4F24,V,-5.174890839,-2.926177996,3.3307,FALSE,0,1.97581,627.59112
mp-755244,Li2V2F8,V,-5.720998348,-3.205874214,2.1951,FALSE,0,1.9759,627.56245
mp-1113958,K1Na2Mo1F6,Mo,-4.751489467,-2.74189283,2.0919,FALSE,0,1.97617,627.47651
mp-755686,Li4V2F12,V,-5.28997696,-3.079018559,2.2042,FALSE,0,1.97617,627.47795
mp-753568,Li2V2F8,V,-5.646602663,-3.131478529,2.2922,FALSE,0,1.9762,627.46685
mp-1195827,Sr4Li4Al4F24,Sr,-5.659025608,-3.876707168,7.3233,TRUE,[164563],1.97636,627.4151
mp-997394,Nb2Ag2F12,Nb,-5.584828705,-2.880986849,2.864,FALSE,0,1.97666,627.32026
mvc-3742,V4Zn4F20,V,-5.177511106,-2.907361889,2.471,FALSE,0,1.97672,627.30107
mp-1120731,Na4V4F24,V,-5.118505226,-2.94309208,3.2462,FALSE,0,1.97688,627.25024
mp-6153,Na12Li12V8F48,V,-5.286074763,-3.193279552,2.5643,TRUE,"[60364, 61611]",1.97693,627.23556
mp-1540904,K2Ta2F12,Ta,-6.309248792,-3.601117494,6.2586,FALSE,0,1.97701,627.20997
mp-7571,K2Nb2F12,Nb,-5.907313729,-3.418741505,5.1353,FALSE,0,1.97701,627.20997
mvc-14224,Mg2W2F10,W,-5.533949175,-3.052834695,3.263,FALSE,0,1.97719,627.15363
mvc-15785,Y1Sn1F5,Y,-6.083966289,-3.552046602,3.1233,FALSE,0,1.97726,627.13012
mp-1210466,Na4Mg2Sc2F14,Sc,-5.588620045,-3.704606181,6.1843,FALSE,0,1.97736,627.09743
mp-759511,Li8V4F24,V,-5.350719752,-3.139761351,2.081,FALSE,0,1.97743,627.07656
mp-1112457,K2Ag1Mo1F6,Mo,-4.709304509,-2.569917436,2.5573,FALSE,0,1.97758,627.02903
mp-1215803,Y2Zr6F30,Zr,-6.944569936,-4.110266908,5.6286,FALSE,0,1.97774,626.97676
mp-9348,K1Rb2Sc1F6,Sc,-5.380069792,-3.569988792,6.5228,TRUE,[81681],1.97791,626.92564
mp-14023,Na12Li12Sc8F48,Sc,-5.584639479,-3.596987964,6.8685,TRUE,[27007],1.97797,626.90611
mp-765480,Li4V4F20,V,-5.416336794,-3.053447683,2.1282,FALSE,0,1.97817,626.84157
mvc-3748,Mg4W4F20,W,-5.529125445,-3.048010965,3.3545,FALSE,0,1.97821,626.83044
mvc-3753,Zn4W4F20,W,-4.961654386,-2.529187969,2.3023,FALSE,0,1.97826,626.81334
mp-756049,Li4V4F16,V,-5.692849495,-3.177725361,2.0836,FALSE,0,1.97831,626.79775
mp-867559,Li4V2F12,V,-5.318875592,-3.107917191,2.117,FALSE,0,1.97835,626.78451
mp-760194,Li8V8F48,V,-5.201491647,-2.952778804,3.1557,FALSE,0,1.97848,626.74526
mp-1210866,Li2V2Cd2F12,V,-5.086292377,-2.98489321,2.6004,FALSE,0,1.97849,626.73931
mp-1211094,Li2Ca2V2F12,V,-5.789876924,-3.568176633,2.6299,FALSE,0,1.97849,626.73931
mvc-3524,Y1V1F5,Y,-6.656623223,-3.642655791,2.692,FALSE,0,1.97868,626.67893
mp-1210400,Na6Li2Ti4F24,Ti,-5.682042024,-3.511973669,4.7764,FALSE,0,1.97878,626.65006
mp-1208995,Sc2Tl6F12,Sc,-5.14059512,-2.928867885,3.6697,FALSE,0,1.97891,626.60602
mp-758646,Li4V4F20,V,-5.375384191,-3.01249508,2.0412,FALSE,0,1.97902,626.57406
mvc-9841,Ba6Y3V6F33,Y,-6.290099798,-3.726568951,2.4634,FALSE,0,1.97906,626.55868
mp-1176530,Li2V2F8,V,-5.659991988,-3.144867854,2.3217,FALSE,0,1.97927,626.49438
mp-759851,Li4V8F28,V,-5.839414695,-3.157105917,2.2506,FALSE,0,1.97933,626.4759
mp-1259667,Al2W6F30,W,-5.488380688,-2.801636491,3.003,FALSE,0,1.9796,626.38935
mp-767692,Li4V2F12,V,-5.294363312,-3.083404911,2.1063,FALSE,0,1.97961,626.38565
mp-1177798,Li16V8F40,V,-5.476049035,-3.169905705,2.2902,FALSE,0,1.97965,626.37368
mp-760202,Li4V4F24,V,-5.197989504,-2.949276661,3.1525,FALSE,0,1.97965,626.37283
mp-777807,Li16V8F40,V,-5.436059295,-3.129915965,2.039,FALSE,0,1.97965,626.37368
mp-768222,Ba1Y2F8,Y,-6.713086821,-4.308746385,7.0203,FALSE,0,1.97985,626.30946
mp-776616,Li2V4F14,V,-5.824511171,-3.142202393,2.2743,FALSE,0,1.97997,626.2733
mp-753597,Li4V2F12,V,-5.323648603,-3.112690202,2.0221,FALSE,0,1.98003,626.25213
mp-1188228,K2Nb2F12,Nb,-5.905904539,-3.417332315,5.1205,TRUE,[16729],1.98007,626.24147
mp-1212044,K6Ca6V12F54,V,-5.82663033,-3.447467124,2.2395,FALSE,0,1.98024,626.18603
mp-560399,Na1Mg1F3,Mg,-4.912518372,-3.458269923,5.9608,TRUE,"[193088, 171813, 193089]",1.98039,626.13942
mp-754721,Li2V2F8,V,-5.676878188,-3.161754054,2.0983,FALSE,0,1.98063,626.06185
mp-754755,Li2V2F8,V,-5.700460536,-3.185336401,2.1168,FALSE,0,1.98063,626.06185
mp-30297,Sr8V8F40,V,-5.994209193,-3.662667142,2.3691,TRUE,[413031],1.98077,626.01999
mp-1205824,Sc1Tl3F6,Sc,-5.113274614,-2.901547379,3.3232,FALSE,0,1.98082,626.003
mp-1176538,Li2V2F8,V,-5.712183165,-3.197059031,2.2105,FALSE,0,1.98103,625.93625
mp-755801,Li2V2F8,V,-5.735915257,-3.220791122,2.1167,FALSE,0,1.98105,625.92948
mp-760794,Li8V8F32,V,-5.658978024,-3.14385389,2.0206,FALSE,0,1.98112,625.90911
mp-752465,Li2V2F8,V,-5.715592506,-3.200468371,2.0645,FALSE,0,1.9812,625.88484
mp-759459,Li2V2F8,V,-5.711812393,-3.196688259,2.3278,FALSE,0,1.98127,625.86014
mvc-6562,Y2W6F30,W,-5.746444168,-2.916494956,3.4277,FALSE,0,1.98137,625.82879
mp-849734,Li2V2F8,V,-5.643281978,-3.128157843,2.3189,FALSE,0,1.9817,625.7263
mp-1208628,Sr4Zn4F8,Sr,-4.206226771,-2.744178022,2.5753,FALSE,0,1.98177,625.70456
mvc-10636,Ba4Mo4F28,Mo,-5.333081525,-3.143196344,2.0481,FALSE,0,1.98178,625.69975
mp-1101020,Ti2Tl10F18,Ti,-4.817230657,-2.633629427,2.8612,FALSE,0,1.98181,625.69043
mp-1205684,K1Sc1Tl2F6,K,-5.221872062,-3.135369247,4.8477,FALSE,0,1.98184,625.68015
mp-757195,Li4V4F16,V,-5.674145253,-3.159021119,2.3351,FALSE,0,1.98207,625.60747
mp-560890,Li18Sc6F36,Sc,-5.699205343,-3.623594192,6.616,TRUE,[415135],1.9821,625.59982
mp-777901,Li8V4F20,V,-5.466891831,-3.160748501,2.1904,FALSE,0,1.98228,625.5438
mp-757176,Ba2Y2F10,Y,-6.513863992,-4.280601595,6.4947,FALSE,0,1.9823,625.53558
mp-1211395,K2Ta2F12,Ta,-6.303200486,-3.595069188,6.2645,FALSE,0,1.98234,625.52443
mp-767625,Li4V4F16,V,-5.680630682,-3.165506547,2.279,FALSE,0,1.98239,625.50604
mp-767699,Li4V4F16,V,-5.688725317,-3.173601183,2.2023,FALSE,0,1.98248,625.47884
mp-753969,Li4V4F16,V,-5.723272403,-3.208148269,2.4038,FALSE,0,1.98251,625.47001
mp-1541477,Ca1Mo1F6,Mo,-5.6363906,-3.343126011,2.5018,FALSE,0,1.98268,625.41738
mp-4950,K1Ca1F3,Ca,-5.193926896,-3.70103975,6.4316,TRUE,"[154073, 154074]",1.98273,625.39916
mp-754362,Li3V2F9,V,-5.53542457,-3.139718038,2.3213,FALSE,0,1.98302,625.30777
mp-1111592,K2Rb1Y1F6,Y,-5.321259136,-3.484791448,5.6589,FALSE,0,1.98306,625.29472
mp-1114353,K2Rb1Nd1F6,Nd,-5.087737719,-3.421102821,5.3133,FALSE,0,1.98306,625.29472
mp-1114674,K2Rb1Pr1F6,Pr,-5.072956293,-3.405045801,5.2496,FALSE,0,1.98306,625.29472
mp-760146,Li8V4F20,V,-5.472267144,-3.166123814,2.1788,FALSE,0,1.98334,625.20648
mp-1114334,Na3Y1F6,Y,-5.300970534,-3.387878454,5.1282,FALSE,0,1.98361,625.12243
mp-1208625,Sr2Li2V2F12,V,-5.761120033,-3.574542678,2.6226,FALSE,0,1.98362,625.12122
mvc-14834,Ca1Ti1F6,Ca,-6.289631859,-3.964886146,4.7129,FALSE,0,1.98367,625.10541
mp-556487,K2Na1Mo1F6,Mo,-4.962002545,-2.973618543,3.9184,TRUE,[15777],1.98375,625.07926
mp-6591,Sr2Li2Al2F12,Sr,-5.660480594,-3.878162155,7.3219,TRUE,"[150334, 68905, 150335]",1.98388,625.03845
mp-755889,Li2V4F14,V,-5.833369168,-3.15106039,2.1214,FALSE,0,1.98389,625.03534
mp-7922,Ca1Pd1F6,Pd,-4.6028249,-2.617530463,2.1437,TRUE,[26164],1.98391,625.02735
mp-1252168,Ti6Al2F30,Ti,-6.144518488,-3.556400784,2.8938,FALSE,0,1.98398,625.00676
mp-1205867,K3Tm1F6,Tm,-5.181069619,-3.530679012,5.2542,FALSE,0,1.98406,624.97971
mp-1206193,K3Er1F6,Er,-5.176329555,-3.516750609,5.2085,FALSE,0,1.98406,624.97971
mp-1206666,K3Ho1F6,Ho,-5.170871469,-3.509823517,5.173,FALSE,0,1.98406,624.97971
mp-4185,Na6Sc2F12,Sc,-5.423868744,-3.524176865,6.8395,TRUE,"[400723, 50838, 401761]",1.98412,624.9617
mp-1208622,Sr4Zn4F8,Sr,-4.207828038,-2.745779289,2.609,FALSE,0,1.98438,624.88154
mp-777528,Li6V2F12,V,-5.341701647,-3.1609468,2.4775,FALSE,0,1.98468,624.78448
mp-676802,K12Hf6F36,Hf,-5.919222764,-3.599793815,2.7356,FALSE,0,1.98488,624.72425
mp-755415,Li2V2F8,V,-5.65762866,-3.142504526,2.0665,FALSE,0,1.98496,624.69732
mvc-14334,Mg2V2F10,V,-5.766676356,-3.447879076,2.378,FALSE,0,1.98502,624.67933
mp-754000,Li4V2F10,V,-5.514840455,-3.208697125,2.4523,FALSE,0,1.9851,624.65372
mp-756227,Li2V4F14,V,-5.887531151,-3.205222373,2.1015,FALSE,0,1.98522,624.61612
mp-21633,Li18V6F36,V,-5.393822881,-3.213068033,2.4336,TRUE,[100300],1.98548,624.5345
mp-767671,Li6V2F12,V,-5.322483079,-3.141728231,2.5446,FALSE,0,1.98551,624.52567
mp-1214563,Ba8Na8V8F48,V,-5.67074515,-3.523825595,2.5539,FALSE,0,1.98562,624.49001
mp-1197107,Cs2Ti16F66,Ti,-6.360046643,-3.695947966,4.5675,TRUE,[78736],1.98567,624.47539
mp-1111079,K3Sc1F6,Sc,-5.370342215,-3.53428824,6.1606,FALSE,0,1.98573,624.45648
mvc-3736,Mg4V4F20,V,-5.748006978,-3.429209698,2.5362,FALSE,0,1.98577,624.44383
mp-1114381,Rb3Y1F6,Y,-5.334554913,-3.524060199,5.8963,FALSE,0,1.98588,624.40966
mp-1205998,Rb3Tm1F6,Tm,-5.178584786,-3.567153641,5.9785,FALSE,0,1.98588,624.40966
mp-1206146,Rb3Dy1F6,Dy,-5.162004707,-3.537478421,5.906,FALSE,0,1.98588,624.40966
mp-1206448,Rb3Er1F6,Er,-5.173346537,-3.552727054,5.9394,FALSE,0,1.98588,624.40966
mp-3970,K2Ti1F6,Ti,-5.630879876,-3.540528352,4.7348,TRUE,"[24659, 174003, 280318]",1.98591,624.40033
mp-1211665,K6Lu2F12,K,-5.293543491,-3.638641374,6.7229,FALSE,0,1.98599,624.37466
mp-1211695,K6Er2F12,K,-5.277890884,-3.618311938,6.7433,FALSE,0,1.98599,624.37466
mp-1097061,Ca1Tl1F3,Ca,-5.04652567,-3.303189684,4.8393,FALSE,0,1.986,624.37143
mp-998150,Ca1Tl1F3,Ca,-5.04646661,-3.303130624,4.8398,FALSE,0,1.986,624.37143
mp-1205844,K3Tm1F6,Tm,-5.219053823,-3.568663216,6.0112,FALSE,0,1.98618,624.31481
mp-1206189,K3Er1F6,Er,-5.213535835,-3.553956889,5.9116,FALSE,0,1.98618,624.31481
mp-1206658,K3Ho1F6,Ho,-5.205642512,-3.54459456,6.0044,FALSE,0,1.98618,624.31481
mp-1211650,K3Dy1F6,Dy,-5.200353913,-3.536868164,5.9154,FALSE,0,1.98618,624.31481
mp-1205530,Rb3Gd1F6,Gd,-6.029082744,-3.457622918,4.3543,FALSE,0,1.98641,624.24237
mp-1205532,Rb3Gd1F6,Gd,-6.062619255,-3.491159429,4.5696,FALSE,0,1.98641,624.24237
mp-1205721,Rb3Pr1F6,Pr,-5.063044847,-3.42110733,4.8275,FALSE,0,1.98641,624.24237
mp-1205612,Rb3Sm1F6,Sm,-5.125559759,-3.489853543,5.6869,FALSE,0,1.98641,624.24237
mp-1205725,Rb3Pr1F6,Pr,-5.089629734,-3.447692217,5.5085,FALSE,0,1.98641,624.24237
mp-1206005,Rb3Ho1F6,Ho,-5.129714091,-3.507625602,5.1981,FALSE,0,1.98641,624.24237
mp-998615,Ca2Tl2F6,Ca,-5.053347003,-3.310011017,4.6512,FALSE,0,1.98669,624.15256
mvc-10625,Ba4Ca4V4F28,V,-5.943045838,-3.797562883,2.3931,FALSE,0,1.98709,624.0283
mp-1206641,K1Tl2Ga1F6,K,-4.402187317,-2.64612181,4.7739,FALSE,0,1.98728,623.96703
mp-777566,Li4V4F16,V,-5.703327635,-3.188203501,2.171,FALSE,0,1.98732,623.95473
mp-1113960,K1Na2Ga1F6,K,-4.424728767,-2.876686831,4.9498,FALSE,0,1.98777,623.81358
mp-755904,Li4V4F16,V,-5.689006984,-3.173882849,2.3692,FALSE,0,1.98778,623.81091
mp-777681,Li6V2F12,V,-5.359008674,-3.178253826,2.515,FALSE,0,1.98808,623.71848
mp-1211838,K3Rh1F6,Rh,-4.521014919,-2.581777067,2.0571,FALSE,0,1.9881,623.71084
mp-1211654,K6Dy2F12,K,-5.269430192,-3.605944443,6.6673,FALSE,0,1.98814,623.69846
mvc-10059,Ba6W6F33,W,-5.623207592,-3.168376709,2.8534,FALSE,0,1.98815,623.69441
mvc-6209,Y2Sn6F30,Y,-5.076219205,-2.958462826,2.3359,FALSE,0,1.9882,623.67828
mp-1236924,K3Rh1F6,Rh,-4.520274355,-2.581036503,2.0825,FALSE,0,1.98843,623.60711
mp-1111758,Na2Sc1Ag1F6,Sc,-5.052918485,-3.002223535,2.0718,FALSE,0,1.98873,623.51378
mp-1112447,K2Sc1Ag1F6,Sc,-5.186896453,-3.178626772,3.0581,FALSE,0,1.98905,623.41207
mvc-10590,Ba4Mg4V4F28,V,-5.805633216,-3.700682244,2.4223,FALSE,0,1.98938,623.3086
mvc-10612,Ba4V4Zn4F28,V,-5.409699389,-3.33880206,2.3929,FALSE,0,1.98938,623.3086
mp-1111297,K3Y1F6,Y,-5.372609029,-3.523154853,5.9044,FALSE,0,1.98959,623.24428
mp-1205731,K3Sm1F6,Sm,-5.160494858,-3.48582918,5.7545,FALSE,0,1.98959,623.24428
mp-778080,Ba2Y6F22,Y,-6.812656434,-4.32847958,5.8515,FALSE,0,1.98983,623.1687
mp-1111375,K3Pr1F6,Pr,-5.122136872,-3.441239893,5.5495,FALSE,0,1.99012,623.07762
mp-1111389,K3Nd1F6,Nd,-5.137238073,-3.457616687,5.6293,FALSE,0,1.99012,623.07762
mp-1205544,K3Dy1F6,Dy,-5.165905571,-3.502419822,5.1461,FALSE,0,1.99012,623.07762
mp-759464,Li12V4F24,V,-5.386732441,-3.205977594,2.4736,FALSE,0,1.9903,623.0218
mvc-3739,Ca4W4F20,W,-5.799278505,-3.260261192,3.2176,FALSE,0,1.99033,623.01333
mp-1210039,Na4Sr4V4F24,V,-5.659291593,-3.537869524,2.5448,FALSE,0,1.99045,622.97458
mp-1111962,K2Pr1Ag1F6,Pr,-4.936421493,-3.083308808,2.5595,FALSE,0,1.99046,622.97202
mp-1112441,K2Y1Ag1F6,Y,-5.186947641,-3.165277759,2.6607,FALSE,0,1.99046,622.97202
mp-1112454,K2Nd1Ag1F6,Nd,-4.951741171,-3.09990408,2.6065,FALSE,0,1.99046,622.97202
mp-1111119,K2Y1In1F6,Y,-5.275884419,-3.262301765,3.384,FALSE,0,1.99046,622.97202
mp-1111122,K2Y1Tl1F6,Y,-5.264548546,-3.28986995,4.411,FALSE,0,1.99046,622.97202
mp-759858,Li2V1F4,V,-5.431367839,-3.002843885,2.7037,FALSE,0,1.99071,622.8936
mp-767661,Li8V4F20,V,-5.47146548,-3.16532215,2.3638,FALSE,0,1.99071,622.89281
mp-1211650,K3Dy1F6,K,-5.200353913,-3.536868164,5.9154,FALSE,0,1.99085,622.8481
mp-8414,K2Hf1F6,Hf,-6.01706347,-3.69763452,6.8994,TRUE,[47244],1.99094,622.82215
mp-1114373,Rb2Y1Tl1F6,Y,-5.276164308,-3.327458687,4.7165,FALSE,0,1.99156,622.62593
mp-7012,K2Rb4Y2F12,K,-5.411164483,-3.587683281,6.6263,TRUE,[73472],1.99197,622.49804
mp-1111026,K1Na2Sc1F6,K,-5.226633928,-3.348154684,5.0397,FALSE,0,1.99209,622.46298
mp-1205753,K3Yb1F6,Yb,-4.428280618,-3.071512725,6.0621,FALSE,0,1.99259,622.30469
mp-1205752,Rb3Yb1F6,Yb,-4.395059957,-3.077251527,5.9958,FALSE,0,1.99311,622.14196
mp-1111058,K1Na2Rh1F6,K,-4.403726016,-2.422062895,2.2856,FALSE,0,1.9933,622.08296
mp-1113961,K1Na2As1F6,K,-4.284244489,-2.573100315,3.086,FALSE,0,1.99337,622.06123
mp-1113958,K1Na2Mo1F6,K,-4.751489467,-2.74189283,2.0919,FALSE,0,1.99393,621.88812
mp-1205796,Rb3Eu1F6,Eu,-5.44962407,-3.25657212,3.9529,FALSE,0,1.99395,621.88104
mp-1206108,Rb3Nd1F6,Nd,-5.075465005,-3.434803082,4.8802,FALSE,0,1.99395,621.88104
mp-1205613,Rb3Sm1F6,Sm,-5.093903635,-3.458197419,4.9731,FALSE,0,1.99395,621.88104
mp-1206106,Rb3Nd1F6,Nd,-5.103842317,-3.463180394,5.5767,FALSE,0,1.99395,621.88104
mp-1211731,K10Sc6F28,Sc,-5.805008278,-3.76673066,6.2149,FALSE,0,1.99458,621.68482
mp-778387,Ba10Y6F38,Y,-6.31533162,-4.221466143,6.307,FALSE,0,1.99493,621.57651
mp-1114397,Rb2Y1In1F6,Y,-5.283520917,-3.295911238,3.7145,FALSE,0,1.99509,621.52617
mp-17999,Na4V4F16,V,-5.599734735,-3.182343529,2.0363,TRUE,[407013],1.99521,621.48724
mp-560959,K1Tl2Mo1F6,K,-4.757925662,-2.540305454,2.5946,TRUE,[15775],1.99558,621.37295
mp-778072,Ba4Y10F38,Y,-6.742511955,-4.292112047,6.1194,FALSE,0,1.99578,621.31059
mp-1205729,K3Sm1F6,Sm,-5.132430229,-3.457764551,4.9524,FALSE,0,1.99654,621.07544
mp-1114684,Rb2Sc1Tl1F6,Sc,-5.26384068,-3.32853526,4.9932,FALSE,0,1.99723,620.86132
mp-9349,K1Rb2Sc1F6,Sc,-5.370891604,-3.560810604,6.3561,TRUE,[81683],1.99723,620.86132
mp-1113946,K1Na2Sb1F6,K,-4.301255612,-2.643123154,2.7248,FALSE,0,1.99758,620.75202
mp-1113729,Rb2Ag1Mo1F6,Mo,-4.70648444,-2.593070342,2.6738,FALSE,0,1.99763,620.73448
mp-1114394,Rb2Sc1In1F6,Sc,-5.270372614,-3.296163136,3.9341,FALSE,0,1.99763,620.73448
mp-1206735,Cs3Sb1F6,Cs,-4.355478801,-2.804270585,3.3907,FALSE,0,1.99789,620.6558
mp-554168,K1Rb2Mo1F6,Mo,-4.906494238,-2.965295845,3.7861,TRUE,[15773],1.99796,620.63174
mp-27312,Nb8Se4F56,Nb,-5.581172119,-2.993452878,4.8407,TRUE,[9897],1.99803,620.61247
mp-5476,Cs8Mg6F20,Mg,-4.768332719,-3.42261276,6.2813,TRUE,"[16084, 71587]",1.99812,620.58426
mp-1112179,K2Sc1In1F6,Sc,-5.269435064,-3.269252611,3.6274,FALSE,0,1.9983,620.52659
mp-759086,Li8V8F40,V,-5.4336532,-3.07076409,2.2276,FALSE,0,1.99869,620.40519
mp-1114480,Rb2Tl1Mo1F6,Mo,-4.796008215,-2.729585402,3.8485,FALSE,0,1.99907,620.28941
mp-1112548,K2Ti1Hg1F6,Ti,-4.959602604,-3.047918196,2.1811,FALSE,0,1.99921,620.24629
mp-753643,Li4V2F10,V,-5.449759124,-3.143615794,2.398,FALSE,0,1.99932,620.21191
mp-1111567,K2Sc1Tl1F6,Sc,-5.258615678,-3.297337283,4.7378,FALSE,0,1.99941,620.18438
mp-1114344,Rb2Ti1Hg1F6,Ti,-4.973768216,-3.088056783,2.3093,FALSE,0,1.99983,620.05236
mp-776825,Ba4Y12F44,Y,-6.791640066,-4.307463212,6.1382,FALSE,0,1.99985,620.04624
mp-8590,K4Hf2F12,Hf,-6.049186254,-3.729757304,6.7625,TRUE,[47243],2.00001,619.99549
mp-1111114,K2Rb1Sc1F6,Sc,-5.316306475,-3.493238987,5.9978,FALSE,0,2.00026,619.91895
mp-753599,Li2V2F12,V,-5.175319476,-2.926606634,3.1407,FALSE,0,2.00145,619.54986
mp-1111910,K2Rb1Mo1F6,Mo,-4.846934656,-2.892749776,3.0563,FALSE,0,2.0017,619.47239
mp-1111573,K2Tl1Mo1F6,Mo,-4.788381479,-2.695985691,3.7506,FALSE,0,2.002,619.3809
mp-767649,Li4V2F12,V,-5.317653039,-3.106694638,2.006,FALSE,0,2.00224,619.30626
mp-1213758,Cs3Bi1F6,Cs,-4.368783694,-2.841472171,4.2934,FALSE,0,2.00313,619.02996
mp-1110639,Cs1K2Sc1F6,Sc,-5.262722621,-3.448168303,5.6667,FALSE,0,2.00327,618.98779
mp-1112308,Cs1K2Mo1F6,Mo,-4.794955517,-2.849283807,2.8022,FALSE,0,2.0038,618.82339
mp-1113392,Cs1Rb2Mo1F6,Mo,-4.810115076,-2.890416341,3.0636,FALSE,0,2.0038,618.82339
mp-1112240,Cs1K2Y1F6,Y,-5.271399359,-3.443444841,5.2531,FALSE,0,2.0038,618.82339
mp-1113328,Cs1Rb2Y1F6,Y,-5.289234892,-3.487253348,5.5117,FALSE,0,2.0038,618.82339
mp-1113609,Cs1Rb2Sc1F6,Sc,-5.276147261,-3.487565918,5.9162,FALSE,0,2.0038,618.82339
mp-776733,Li12V4F24,V,-5.358691875,-3.177937028,2.5067,FALSE,0,2.00396,618.7742
mp-1209235,Rb2Sc6F20,Sc,-6.580266114,-4.117928181,5.407,FALSE,0,2.00697,617.84823
mp-753390,Li6V2F12,V,-5.362508062,-3.181753215,2.4954,FALSE,0,2.00743,617.70483
mp-556633,Na6V2F12,V,-5.072336679,-3.067501103,2.5442,TRUE,"[191623, 27347, 246825]",2.00933,617.12002
mp-1205999,Rb3Tm1F6,Tm,-5.138724367,-3.527293222,5.2725,FALSE,0,2.01043,616.78455
mp-1206148,Rb3Dy1F6,Dy,-5.125174016,-3.50064773,5.1665,FALSE,0,2.01043,616.78455
mp-1206446,Rb3Er1F6,Er,-5.134612716,-3.513993233,5.237,FALSE,0,2.01043,616.78455
mp-7617,Rb3Y1F6,Y,-5.297977447,-3.487482733,5.2038,TRUE,[19077],2.01043,616.78455
mp-557133,Cs2K1Mo1F6,Mo,-4.915263673,-2.99109162,4.2766,TRUE,[4053],2.01154,616.44252
mp-560710,Cs2Tl1Mo1F6,Mo,-4.814413902,-2.765017429,4.0024,TRUE,[15772],2.01224,616.22839
mp-504729,Cs2Pd1F6,Pd,-4.158352854,-2.417512815,2.3151,TRUE,[28674],2.01389,615.72292
mp-1120790,Na8V4F20,V,-5.305896703,-3.146352766,2.4549,FALSE,0,2.01497,615.3945
mp-1210356,Na6Pd3F18,Pd,-4.171487695,-2.335731451,2.0894,FALSE,0,2.01668,614.8734
mp-1214751,Cs6Sc2F12,Sc,-5.312425609,-3.540870606,6.2612,FALSE,0,2.02323,612.88169
mp-7618,Cs3Y1F6,Y,-5.287208121,-3.502252918,5.4829,TRUE,[19078],2.02443,612.5172
mp-553896,K3Mo1F6,Mo,-4.902643798,-2.93547243,3.3729,TRUE,[4403],2.02699,611.74535
mp-7979,K2Pd1F6,Pd,-4.176720548,-2.388103491,2.0949,TRUE,[27486],2.03281,609.99385
mp-556024,Na6Ti3F18,Ti,-5.63656283,-3.499072118,4.1845,TRUE,[40916],2.03939,608.02534
mp-767631,Li6V2F12,V,-5.348725852,-3.167971005,2.5276,FALSE,0,2.03996,607.85515
mp-555403,K3W1F6,W,-4.907710442,-2.85289073,2.8554,TRUE,[51264],2.04551,606.20447
mp-1112965,Cs3Sc1F6,Sc,-5.30058129,-3.529026287,6.4038,FALSE,0,2.04958,605.00061
mp-1113492,Cs3Y1F6,Y,-5.32111171,-3.536156507,6.0171,FALSE,0,2.05069,604.67531
mp-1114691,Rb3Mo1F6,Mo,-4.856642544,-2.928430639,3.3404,FALSE,0,2.05387,603.73816
mp-1209282,Rb6Sc2F12,Sc,-5.343675828,-3.546581315,6.242,FALSE,0,2.05756,602.65453
mp-1114693,Rb3Sc1F6,Sc,-5.323702527,-3.526608014,6.2281,FALSE,0,2.07028,598.95213
mp-18075,Na6Ti3F18,Ti,-5.594188473,-3.456697761,4.6338,TRUE,[24477],2.08354,595.14138
